{
  "elapsed_mean_s": 15.261783440674966,
  "elapsed_std_s": 0.11878879303374676,
  "throughput_px_per_s": 4294.124618839541,
  "px_count": 65536,
  "results_each": [
    {
      "elapsed_s": 15.135953539982438,
      "chisq_mean": 49.797060231124775,
      "chisq_median": 49.79706023112479,
      "dem_shape": [
        256,
        256,
        34
      ],
      "chisq_shape": [
        256,
        256
      ]
    },
    {
      "elapsed_s": 15.371983742021257,
      "chisq_mean": 49.797060231124775,
      "chisq_median": 49.79706023112479,
      "dem_shape": [
        256,
        256,
        34
      ],
      "chisq_shape": [
        256,
        256
      ]
    },
    {
      "elapsed_s": 15.277413040021202,
      "chisq_mean": 49.797060231124775,
      "chisq_median": 49.79706023112479,
      "dem_shape": [
        256,
        256,
        34
      ],
      "chisq_shape": [
        256,
        256
      ]
    }
  ],
  "bench_info": {
    "env": {
      "python": "3.11.14",
      "numpy": "2.3.3",
      "OMP_NUM_THREADS": "1",
      "MKL_NUM_THREADS": "1",
      "OPENBLAS_NUM_THREADS": "1"
    },
    "shape": {
      "kind": "image",
      "width": 256,
      "height": 256
    },
    "mode": "synthetic"
  },
  "comparison": null
}