{
  "bench_info": {
    "env": {
      "python": "3.11.14",
      "numpy": "2.3.3",
      "OMP_NUM_THREADS": "1",
      "MKL_NUM_THREADS": "1",
      "OPENBLAS_NUM_THREADS": "1"
    },
    "shape": {
      "kind": "image",
      "width": 256,
      "height": 256
    },
    "mode": "synthetic"
  },
  "outputs_summary": {
    "dem": {
      "shape": [
        256,
        256,
        34
      ],
      "min": -4.728519309607495e+21,
      "max": 6.629988693670726e+23,
      "mean": 1.5323658106954296e+23,
      "p50": 5.458021730713277e+22,
      "p99": 6.629988693670726e+23
    },
    "edem": {
      "shape": [
        256,
        256,
        34
      ],
      "min": 510749159679832.94,
      "max": 1.2484674458265665e+22,
      "mean": 4.161802064715729e+21,
      "p50": 3.252779940496565e+21,
      "p99": 1.2484674458265665e+22
    },
    "elogt": {
      "shape": [
        256,
        256,
        34
      ],
      "min": 0.022628989142622024,
      "max": 0.07920146199917662,
      "mean": 0.041431016886123904,
      "p50": 0.03960073099958831,
      "p99": 0.07920146199917662
    },
    "chisq": {
      "shape": [
        256,
        256
      ],
      "min": 49.79706023112479,
      "max": 49.79706023112479,
      "mean": 49.797060231124775,
      "p50": 49.79706023112479,
      "p99": 49.79706023112479
    },
    "dn_reg": {
      "shape": [
        256,
        256,
        6
      ],
      "min": 0.8783178821479526,
      "max": 905.5465885405042,
      "mean": 291.20461904709447,
      "p50": 198.39958498896848,
      "p99": 905.5465885405042
    }
  }
}