{
  "elapsed_mean_s": 7.565607367995351,
  "elapsed_std_s": 0.12657890090258217,
  "throughput_px_per_s": 8662.358064897173,
  "px_count": 65536,
  "results_each": [
    {
      "elapsed_s": 7.427423658999032,
      "chisq_mean": 61.4754412121778,
      "chisq_median": 61.47544121217782,
      "dem_shape": [
        256,
        256,
        34
      ],
      "chisq_shape": [
        256,
        256
      ]
    },
    {
      "elapsed_s": 7.59345403999032,
      "chisq_mean": 61.4754412121778,
      "chisq_median": 61.47544121217782,
      "dem_shape": [
        256,
        256,
        34
      ],
      "chisq_shape": [
        256,
        256
      ]
    },
    {
      "elapsed_s": 7.675944404996699,
      "chisq_mean": 61.4754412121778,
      "chisq_median": 61.47544121217782,
      "dem_shape": [
        256,
        256,
        34
      ],
      "chisq_shape": [
        256,
        256
      ]
    }
  ],
  "bench_info": {
    "env": {
      "python": "3.11.14",
      "numpy": "2.3.3",
      "OMP_NUM_THREADS": "1",
      "MKL_NUM_THREADS": "1",
      "OPENBLAS_NUM_THREADS": "1"
    },
    "shape": {
      "kind": "image",
      "width": 256,
      "height": 256
    },
    "mode": "synthetic"
  },
  "comparison": null
}