{
  "bench_info": {
    "env": {
      "python": "3.11.14",
      "numpy": "2.3.3",
      "OMP_NUM_THREADS": "1",
      "MKL_NUM_THREADS": "1",
      "OPENBLAS_NUM_THREADS": "1"
    },
    "shape": {
      "kind": "image",
      "width": 256,
      "height": 256
    },
    "mode": "synthetic"
  },
  "outputs_summary": {
    "dem": {
      "shape": [
        256,
        256,
        34
      ],
      "min": -4.4762238324130757e+21,
      "max": 6.40643704348464e+23,
      "mean": 1.4828219867114184e+23,
      "p50": 5.337266207947529e+22,
      "p99": 6.40643704348464e+23
    },
    "edem": {
      "shape": [
        256,
        256,
        34
      ],
      "min": 493004401268618.0,
      "max": 1.1830017277815813e+22,
      "mean": 3.9385114365911593e+21,
      "p50": 3.0874583963287106e+21,
      "p99": 1.1830017277815813e+22
    },
    "elogt": {
      "shape": [
        256,
        256,
        34
      ],
      "min": 0.022628989142622024,
      "max": 0.07920146199917662,
      "mean": 0.04159740651217259,
      "p50": 0.03960073099958831,
      "p99": 0.07920146199917662
    },
    "chisq": {
      "shape": [
        256,
        256
      ],
      "min": 61.47544121217782,
      "max": 61.47544121217782,
      "mean": 61.4754412121778,
      "p50": 61.47544121217782,
      "p99": 61.47544121217782
    },
    "dn_reg": {
      "shape": [
        256,
        256,
        6
      ],
      "min": 0.833951861133004,
      "max": 875.1483455262586,
      "mean": 282.5854869671832,
      "p50": 192.26774056658223,
      "p99": 875.1483455262586
    }
  }
}