algorithm,pixels,nf,nt,repeats,median_time,std_time,median_chisq
cpu,200,6,200,2,3.6049050519941375,0.0019138079951517284,0.3028003766542241
vectorized,200,6,200,2,2.5595821135211736,0.0021212854771874845,101.21330037381773
dask,200,6,200,2,11.475611453526653,0.038141711498610675,0.3028003766542255
gpu-l2,200,6,200,2,0.004658504534745589,0.00013597749057225883,25.77489282411178
