{
  "bench_info": {
    "env": {
      "python": "3.11.14",
      "numpy": "2.3.3",
      "OMP_NUM_THREADS": "1",
      "MKL_NUM_THREADS": "1",
      "OPENBLAS_NUM_THREADS": "1"
    },
    "shape": {
      "kind": "image",
      "width": 256,
      "height": 256
    },
    "mode": "synthetic"
  },
  "outputs_summary": {
    "dem": {
      "shape": [
        256,
        256,
        34
      ],
      "min": -2.9812757198238187e+22,
      "max": 5.9564437119868134e+23,
      "mean": 1.6007815038700177e+23,
      "p50": 9.116340866972257e+22,
      "p99": 5.9564437119868134e+23
    },
    "edem": {
      "shape": [
        256,
        256,
        34
      ],
      "min": 8.332753293700652e+20,
      "max": 1.1836448825012226e+22,
      "mean": 5.921661906173123e+21,
      "p50": 5.196955692294363e+21,
      "p99": 1.1836448825012226e+22
    },
    "elogt": {
      "shape": [
        256,
        256,
        34
      ],
      "min": 0.028286236428277295,
      "max": 0.09051595657048735,
      "mean": 0.045424367911292465,
      "p50": 0.039600730999588406,
      "p99": 0.09051595657048735
    },
    "chisq": {
      "shape": [
        256,
        256
      ],
      "min": 45.2924061071654,
      "max": 45.2924061071654,
      "mean": 45.29240610716541,
      "p50": 45.2924061071654,
      "p99": 45.2924061071654
    },
    "dn_reg": {
      "shape": [
        256,
        256,
        6
      ],
      "min": 1.7692516884654341,
      "max": 873.5428956162947,
      "mean": 302.0124563725116,
      "p50": 212.3099561384344,
      "p99": 873.5428956162947
    }
  }
}